ID,x1,x2,x3
1,3,2.1,0.7
2,2,-5.6,-2.8
3,4,13.3,3.325
4,5,-21,-4.2
5,2,-28.7,-14.35
6,3,36.4,5.9
7,4,-44.1,-11.025
8,5,51.8,-2.1
9,2,-5.6,-2.8
10,3,-13.3,5.7
11,42,-21,-0.5
12,43,-44.1,-1.025581395
13,2,51.8,25.9
14,43,147.7,3.434883721
15,6,2.1,4
16,4,-5.6,-1.4
17,3,13.3,4.433333333
18,234,-63.35,-0.270726496
19,34,0,3
20,4,-145.53,-36.3825
21,243,23,0.094650206
22,24,-13,0.4
23,2,-268.8,-134.4
24,2,4,2
25,2,-350.98,-175.49
